id,k1,k2,c_lo,c_hi,iou,pair
15,0,2,0,3,0.9808936409093588,longitudinal-pothole
103,0,3,2,3,0.951028683142222,alligator-pothole
110,1,2,0,2,0.8601307946049315,longitudinal-alligator
113,1,2,2,3,0.9494474332866533,alligator-pothole
126,1,2,2,3,0.9444404486717297,alligator-pothole
133,3,7,1,3,0.7907721651921306,lateral-pothole
191,0,1,2,3,0.9753403442946867,alligator-pothole
237,3,4,0,2,0.6289509465615386,longitudinal-alligator
283,0,1,0,2,0.5922120127054761,longitudinal-alligator
365,1,2,0,2,0.6727784214995461,longitudinal-alligator
372,0,4,0,2,0.5729845419890164,longitudinal-alligator
372,1,2,0,2,0.527449068912008,longitudinal-alligator
381,0,3,0,2,0.547493300966117,longitudinal-alligator
396,0,1,0,2,0.6059388065383303,longitudinal-alligator
493,0,3,2,4,0.6623713889112555,alligator-others
1290,0,1,2,3,0.8861966295216119,alligator-pothole
2305,0,3,0,2,0.5536378291327066,longitudinal-alligator
2410,2,4,1,3,0.9457539016576381,lateral-pothole
2418,4,5,1,3,0.8893998053415016,lateral-pothole
2434,0,7,0,3,0.974379152812398,longitudinal-pothole
2540,1,3,2,3,0.9623385407809755,alligator-pothole
2574,3,6,2,3,0.7540800688024054,alligator-pothole
3126,0,2,0,2,0.776115535195683,longitudinal-alligator
3515,5,8,2,3,0.9683767328011121,alligator-pothole
3522,0,1,0,2,0.5551191221998287,longitudinal-alligator
3534,5,14,1,3,0.9191842910818951,lateral-pothole
4132,0,2,0,4,0.64812142913035,longitudinal-others
4499,5,13,3,4,0.6590521747686131,pothole-others
5561,1,2,2,3,0.7776375520041712,alligator-pothole
6093,4,10,0,1,0.5190907557990533,longitudinal-lateral
6097,3,7,0,3,0.5162068668480002,longitudinal-pothole
7993,4,5,0,2,0.6241519871282383,longitudinal-alligator
8095,1,4,0,2,0.6847145328835302,longitudinal-alligator
