features,cv,accuracy,balanced_accuracy,macro_f1,recall_960,recall_640,recall_1080,recall_1600,recall_720
dinov2s_full224,random5fold,0.9921529619805481,0.9933113870063419,0.987183992056546,0.9933851496609889,0.9857283464566929,1.0,0.9970588235294118,0.9903846153846154
dinov2s_full224,neardup_grouped5fold,0.9862953138815208,0.9845169803161179,0.978586791377683,0.9884240119067306,0.9808070866141733,0.9923809523809524,0.9705882352941176,0.9903846153846154
resnet50_full224,random5fold,0.9828691423519009,0.9879805762303672,0.9867316213105571,0.9856127005126509,0.968996062992126,1.0,0.9852941176470589,1.0
resnet50_full224,neardup_grouped5fold,0.9721485411140584,0.9812117132791742,0.9792841963963321,0.9748635687117579,0.9547244094488189,1.0,0.9764705882352941,1.0
dinov2s_top60_egoremoved,random5fold,0.9870689655172413,0.9851582726197602,0.979354665529421,0.9894162394575823,0.9778543307086615,0.9961904761904762,0.9911764705882353,0.9711538461538461
dinov2s_top60_egoremoved,neardup_grouped5fold,0.9791114058355438,0.9809544433385342,0.9696428043575146,0.9823052753431454,0.9650590551181102,0.9942857142857143,0.9823529411764705,0.9807692307692307
dinov2s_bottom30,random5fold,0.9835322723253758,0.9893665688310328,0.983927864981178,0.9841243591863734,0.9763779527559056,0.9980952380952381,0.9882352941176471,1.0
dinov2s_bottom30,neardup_grouped5fold,0.9781167108753316,0.982651132707041,0.9783104637105385,0.9789978501736398,0.9714566929133859,0.9980952380952381,0.9647058823529412,1.0
quality5,random5fold,0.46695402298850575,0.6614040684487986,0.39765020916981086,0.3623284273193319,0.6343503937007874,0.700952380952381,0.888235294117647,0.7211538461538461
quality5,neardup_grouped5fold,0.45755968169761274,0.6581967646112552,0.39110050334038116,0.3489333553828345,0.6338582677165354,0.700952380952381,0.8764705882352941,0.7307692307692307
dinov2s_full224 (labels permuted),random5fold,0.16987179487179488,0.20992132073568004,0.12665717786068487,,,,,
