level,domain,n,any_visible,large_visible
res,640,64,"0.25 [0.16, 0.37]","0.09 [0.04, 0.19]"
res,720,64,"1.00 [0.94, 1.00]","1.00 [0.94, 1.00]"
res,960,128,"0.29 [0.22, 0.37]","0.22 [0.16, 0.30]"
res,1080,64,"1.00 [0.94, 1.00]","1.00 [0.94, 1.00]"
res,1600,64,"0.12 [0.06, 0.23]","0.00 [0.00, 0.06]"
source,1080-jpg,64,"1.00 [0.94, 1.00]","1.00 [0.94, 1.00]"
source,1600-jpg,64,"0.12 [0.06, 0.23]","0.00 [0.00, 0.06]"
source,640-jpg,9,"0.67 [0.35, 0.88]","0.00 [0.00, 0.30]"
source,640-png,55,"0.18 [0.10, 0.30]","0.11 [0.05, 0.22]"
source,720-jpg,64,"1.00 [0.94, 1.00]","1.00 [0.94, 1.00]"
source,960-jpg,100,"0.10 [0.06, 0.17]","0.05 [0.02, 0.11]"
source,960-png,28,"0.96 [0.82, 0.99]","0.82 [0.64, 0.92]"
