sheet,pos,idx,id,res,ego_label
0,0,4114,4115,640,1
0,1,3913,3914,1600,0
0,2,3876,3877,1600,0
0,3,7035,7036,640,0
0,4,6388,6389,1600,1
0,5,8762,8763,640,0
0,6,3537,3538,1600,0
0,7,4681,4682,960,0
0,8,2610,2611,960,1
0,9,7579,7580,960,0
0,10,4367,4368,720,2
0,11,4688,4689,960,0
0,12,4345,4346,960,0
0,13,4888,4889,640,0
0,14,8921,8922,1600,0
0,15,4592,4593,720,2
0,16,4782,4783,1080,2
0,17,5626,5627,960,0
0,18,425,426,960,2
0,19,774,775,960,2
0,20,8584,8585,960,0
0,21,5023,5024,1600,0
0,22,8010,8011,1080,2
0,23,3324,3325,960,0
0,24,5862,5863,640,0
0,25,2051,2052,960,0
0,26,6930,6931,960,1
0,27,4109,4110,1080,2
0,28,4131,4132,1080,2
0,29,8821,8822,960,0
0,30,4216,4217,960,2
0,31,1499,1500,960,2
0,32,302,303,960,2
0,33,6300,6301,640,0
0,34,6204,6205,720,2
0,35,8768,8769,960,0
0,36,5874,5875,1600,1
0,37,4535,4536,720,2
0,38,8256,8257,720,2
0,39,3907,3908,640,0
0,40,6285,6286,1600,0
0,41,8378,8379,1080,2
0,42,7581,7582,960,0
0,43,2505,2506,960,0
0,44,8209,8210,1080,2
0,45,6981,6982,720,2
0,46,4006,4007,1600,0
0,47,6686,6687,640,0
1,0,5498,5499,720,2
1,1,5417,5418,720,2
1,2,4841,4842,1080,2
1,3,8192,8193,960,0
1,4,6409,6410,1600,1
1,5,3842,3843,720,2
1,6,5551,5552,640,0
1,7,2686,2687,960,2
1,8,7319,7320,720,2
1,9,4063,4064,1080,2
1,10,7687,7688,1080,2
1,11,6166,6167,960,0
1,12,7400,7401,1600,0
1,13,4645,4646,720,2
1,14,3743,3744,720,2
1,15,3519,3520,1080,2
1,16,4061,4062,960,0
1,17,6010,6011,960,0
1,18,3070,3071,960,0
1,19,8237,8238,1080,2
1,20,4813,4814,720,2
1,21,925,926,960,1
1,22,7331,7332,720,2
1,23,4117,4118,640,0
1,24,4429,4430,960,0
1,25,8382,8383,720,2
1,26,8719,8720,720,2
1,27,3933,3934,640,1
1,28,1749,1750,960,2
1,29,8982,8983,1080,2
1,30,7218,7219,640,0
1,31,4669,4670,1600,0
1,32,9016,9017,640,1
1,33,4155,4156,960,0
1,34,5634,5635,1080,2
1,35,1712,1713,960,1
1,36,7526,7527,1080,2
1,37,4607,4608,1600,0
1,38,8679,8680,1600,0
1,39,4786,4787,960,0
1,40,6800,6801,960,1
1,41,3065,3066,1080,2
1,42,8839,8840,720,2
1,43,2358,2359,640,1
1,44,8227,8228,1080,2
1,45,4398,4399,1600,0
1,46,3553,3554,960,0
1,47,3775,3776,960,0
2,0,3330,3331,1600,1
2,1,6947,6948,960,0
2,2,83,84,960,2
2,3,8573,8574,960,0
2,4,894,895,640,1
2,5,5605,5606,1600,0
2,6,4583,4584,720,2
2,7,6367,6368,1080,2
2,8,5572,5573,640,0
2,9,249,250,960,2
2,10,37,38,960,1
2,11,3438,3439,960,0
2,12,3812,3813,1080,2
2,13,5668,5669,1080,2
2,14,5566,5567,960,0
2,15,27,28,960,0
2,16,4470,4471,720,2
2,17,7378,7379,720,2
2,18,3115,3116,720,2
2,19,8508,8509,640,0
2,20,3090,3091,1080,2
2,21,3501,3502,720,2
2,22,7848,7849,1600,0
2,23,3057,3058,960,0
2,24,3226,3227,720,2
2,25,6248,6249,1080,2
2,26,3807,3808,960,0
2,27,5541,5542,720,2
2,28,5474,5475,960,0
2,29,8834,8835,720,2
2,30,6469,6470,720,2
2,31,6569,6570,1080,2
2,32,6926,6927,960,2
2,33,3218,3219,720,2
2,34,6664,6665,960,0
2,35,7957,7958,1600,0
2,36,8432,8433,640,0
2,37,5399,5400,960,0
2,38,6418,6419,960,0
2,39,8279,8280,960,0
2,40,3621,3622,640,0
2,41,3436,3437,960,0
2,42,7744,7745,1600,0
2,43,8828,8829,640,1
2,44,7461,7462,1600,0
2,45,2249,2250,960,0
2,46,2077,2078,960,0
2,47,7215,7216,960,0
3,0,5505,5506,640,1
3,1,4685,4686,1080,2
3,2,8838,8839,1080,2
3,3,1306,1307,960,2
3,4,7373,7374,1600,0
3,5,837,838,960,0
3,6,3642,3643,720,2
3,7,8021,8022,1600,0
3,8,3173,3174,1080,2
3,9,7219,7220,1600,0
3,10,8119,8120,640,0
3,11,6578,6579,1080,2
3,12,8749,8750,1600,1
3,13,7226,7227,640,0
3,14,3879,3880,640,0
3,15,5361,5362,1600,0
3,16,8565,8566,960,0
3,17,7546,7547,640,0
3,18,2714,2715,640,2
3,19,2779,2780,960,2
3,20,8040,8041,1080,2
3,21,5718,5719,720,2
3,22,3730,3731,960,0
3,23,7967,7968,960,0
3,24,7375,7376,640,0
3,25,3188,3189,1080,2
3,26,5022,5023,720,2
3,27,7416,7417,1600,0
3,28,1556,1557,960,0
3,29,4201,4202,960,2
3,30,8554,8555,960,0
3,31,8134,8135,720,2
3,32,3360,3361,1600,0
3,33,4953,4954,640,0
3,34,4515,4516,1600,0
3,35,4679,4680,1600,0
3,36,395,396,960,2
3,37,7642,7643,960,0
3,38,5854,5855,1600,0
3,39,7260,7261,960,0
3,40,4144,4145,640,0
3,41,4942,4943,1080,2
3,42,6649,6650,1080,2
3,43,1063,1064,960,2
3,44,2480,2481,640,0
3,45,4874,4875,960,0
3,46,1910,1911,960,2
3,47,2341,2342,960,0
4,0,7499,7500,1600,0
4,1,809,810,960,2
4,2,3106,3107,640,0
4,3,3430,3431,720,2
4,4,4051,4052,1080,2
4,5,8232,8233,1080,2
4,6,3661,3662,1080,2
4,7,5138,5139,720,2
4,8,1837,1838,960,0
4,9,3446,3447,720,2
4,10,5134,5135,960,0
4,11,8476,8477,640,0
4,12,7004,7005,960,0
4,13,6142,6143,1080,2
4,14,8224,8225,720,2
4,15,6845,6846,960,2
4,16,8077,8078,1080,2
4,17,6613,6614,1600,0
4,18,8953,8954,640,0
4,19,6097,6098,1080,2
4,20,8971,8972,720,2
4,21,5985,5986,720,2
4,22,2646,2647,960,2
4,23,7872,7873,1080,2
4,24,6508,6509,1080,2
4,25,8546,8547,720,2
4,26,9018,9019,1600,1
4,27,4737,4738,720,2
4,28,5719,5720,640,0
4,29,7385,7386,1600,0
4,30,3039,3040,720,2
4,31,7341,7342,1600,0
4,32,4478,4479,640,0
4,33,1454,1455,640,2
4,34,6441,6442,1080,2
4,35,3335,3336,960,0
4,36,4867,4868,960,0
4,37,4604,4605,640,0
4,38,3938,3939,720,2
4,39,8225,8226,640,0
4,40,7875,7876,1080,2
4,41,8566,8567,640,0
4,42,7082,7083,640,0
4,43,5740,5741,720,2
4,44,8234,8235,640,0
4,45,6099,6100,720,2
4,46,5932,5933,720,2
4,47,4602,4603,960,0
5,0,5841,5842,1080,2
5,1,4549,4550,720,2
5,2,7958,7959,1600,0
5,3,5845,5846,720,2
5,4,8854,8855,960,0
5,5,8758,8759,960,0
5,6,7025,7026,720,2
5,7,8771,8772,640,0
5,8,3782,3783,960,0
5,9,1347,1348,960,0
5,10,8522,8523,1080,2
5,11,3582,3583,1600,0
5,12,6236,6237,1600,1
5,13,8572,8573,640,0
5,14,6257,6258,720,2
5,15,3614,3615,960,0
5,16,4617,4618,1600,0
5,17,5175,5176,960,0
5,18,1701,1702,960,2
5,19,685,686,960,2
5,20,6660,6661,1080,2
5,21,8250,8251,1600,0
5,22,7292,7293,1600,0
5,23,5072,5073,1080,2
5,24,4356,4357,720,2
5,25,2060,2061,640,2
5,26,2629,2630,640,2
5,27,4439,4440,960,0
5,28,6145,6146,720,2
5,29,3542,3543,720,2
5,30,4702,4703,640,1
5,31,3422,3423,1080,2
5,32,2550,2551,960,2
5,33,5298,5299,960,2
5,34,7797,7798,1080,2
5,35,7130,7131,960,0
5,36,4868,4869,960,0
5,37,5154,5155,960,0
5,38,5827,5828,960,0
5,39,4627,4628,1600,0
5,40,7072,7073,1080,2
5,41,5935,5936,640,0
5,42,1583,1584,960,2
5,43,1855,1856,960,2
5,44,3381,3382,640,0
5,45,3643,3644,1080,2
5,46,6153,6154,1080,2
5,47,2343,2344,960,2
6,0,5789,5790,960,0
6,1,8791,8792,960,0
6,2,9029,9030,960,0
6,3,5929,5930,960,0
6,4,7977,7978,640,0
6,5,5911,5912,640,0
6,6,7534,7535,1600,0
6,7,3963,3964,1080,2
6,8,6042,6043,720,2
6,9,3896,3897,1600,0
6,10,5840,5841,1600,1
6,11,1401,1402,960,0
6,12,4846,4847,960,0
6,13,4778,4779,960,0
6,14,8796,8797,1080,2
6,15,4826,4827,1080,2
6,16,8032,8033,1600,0
6,17,6490,6491,1080,2
6,18,3332,3333,1600,0
6,19,7652,7653,1080,2
6,20,3426,3427,640,1
6,21,6677,6678,640,0
6,22,7725,7726,1600,0
6,23,4852,4853,1080,2
6,24,4963,4964,1600,0
6,25,7500,7501,960,0
6,26,3442,3443,1600,0
6,27,6697,6698,960,0
6,28,3564,3565,1080,2
6,29,4132,4133,1080,2
6,30,8375,8376,1600,0
6,31,1071,1072,960,0
6,32,6873,6874,960,0
6,33,8063,8064,720,2
6,34,650,651,960,0
6,35,5542,5543,960,0
6,36,3718,3719,1600,0
6,37,4025,4026,720,2
6,38,6276,6277,720,2
6,39,8501,8502,1600,0
6,40,8901,8902,1600,0
6,41,1233,1234,640,0
6,42,5466,5467,720,2
6,43,7276,7277,640,2
6,44,4792,4793,1080,2
6,45,6344,6345,640,0
6,46,8815,8816,1600,0
6,47,3325,3326,960,0
7,0,5300,5301,960,2
7,1,4739,4740,1080,2
7,2,4481,4482,1600,0
7,3,1948,1949,960,2
7,4,3174,3175,640,0
7,5,6626,6627,1600,0
7,6,3072,3073,1600,0
7,7,6540,6541,720,2
7,8,8652,8653,640,0
7,9,2723,2724,960,0
7,10,6675,6676,720,2
7,11,7382,7383,960,0
7,12,7710,7711,1600,0
7,13,2634,2635,960,0
7,14,998,999,960,1
7,15,5749,5750,1080,2
7,16,3074,3075,640,1
7,17,1120,1121,960,1
7,18,7937,7938,1600,0
7,19,4748,4749,640,0
7,20,4851,4852,640,0
7,21,8008,8009,720,2
7,22,8353,8354,1600,0
7,23,3808,3809,960,0
7,24,7176,7177,720,2
7,25,3273,3274,1080,2
7,26,4379,4380,640,0
7,27,3678,3679,960,0
7,28,6280,6281,1080,2
7,29,8889,8890,720,2
7,30,312,313,960,0
7,31,7699,7700,1080,2
7,32,7818,7819,640,0
7,33,4977,4978,960,0
7,34,3145,3146,960,0
7,35,6824,6825,960,0
7,36,3626,3627,960,0
7,37,1088,1089,960,0
7,38,1343,1344,640,2
7,39,5975,5976,720,2
7,40,3242,3243,720,2
7,41,7834,7835,960,0
7,42,7819,7820,1600,0
7,43,6360,6361,720,2
7,44,3045,3046,960,1
7,45,4840,4841,1600,0
7,46,3575,3576,1080,2
7,47,7680,7681,640,0
