code,montage,same_scene_rater2
Q000,audit/audit_00.jpg,
Q001,audit/audit_00.jpg,
Q002,audit/audit_00.jpg,
Q003,audit/audit_00.jpg,
Q004,audit/audit_00.jpg,
Q005,audit/audit_00.jpg,
Q006,audit/audit_00.jpg,
Q007,audit/audit_00.jpg,
Q008,audit/audit_01.jpg,
Q009,audit/audit_01.jpg,
Q010,audit/audit_01.jpg,
Q011,audit/audit_01.jpg,
Q012,audit/audit_01.jpg,
Q013,audit/audit_01.jpg,
Q014,audit/audit_01.jpg,
Q015,audit/audit_01.jpg,
Q016,audit/audit_02.jpg,
Q017,audit/audit_02.jpg,
Q018,audit/audit_02.jpg,
Q019,audit/audit_02.jpg,
Q020,audit/audit_02.jpg,
Q021,audit/audit_02.jpg,
Q022,audit/audit_02.jpg,
Q023,audit/audit_02.jpg,
Q024,audit/audit_03.jpg,
Q025,audit/audit_03.jpg,
Q026,audit/audit_03.jpg,
Q027,audit/audit_03.jpg,
Q028,audit/audit_03.jpg,
Q029,audit/audit_03.jpg,
Q030,audit/audit_03.jpg,
Q031,audit/audit_03.jpg,
Q032,audit/audit_04.jpg,
Q033,audit/audit_04.jpg,
Q034,audit/audit_04.jpg,
Q035,audit/audit_04.jpg,
Q036,audit/audit_04.jpg,
Q037,audit/audit_04.jpg,
Q038,audit/audit_04.jpg,
Q039,audit/audit_04.jpg,
Q040,audit/audit_05.jpg,
Q041,audit/audit_05.jpg,
Q042,audit/audit_05.jpg,
Q043,audit/audit_05.jpg,
Q044,audit/audit_05.jpg,
Q045,audit/audit_05.jpg,
Q046,audit/audit_05.jpg,
Q047,audit/audit_05.jpg,
Q048,audit/audit_06.jpg,
Q049,audit/audit_06.jpg,
Q050,audit/audit_06.jpg,
Q051,audit/audit_06.jpg,
Q052,audit/audit_06.jpg,
Q053,audit/audit_06.jpg,
Q054,audit/audit_06.jpg,
Q055,audit/audit_06.jpg,
Q056,audit/audit_07.jpg,
Q057,audit/audit_07.jpg,
Q058,audit/audit_07.jpg,
Q059,audit/audit_07.jpg,
Q060,audit/audit_07.jpg,
Q061,audit/audit_07.jpg,
Q062,audit/audit_07.jpg,
Q063,audit/audit_07.jpg,
Q064,audit/audit_08.jpg,
Q065,audit/audit_08.jpg,
Q066,audit/audit_08.jpg,
Q067,audit/audit_08.jpg,
Q068,audit/audit_08.jpg,
Q069,audit/audit_08.jpg,
Q070,audit/audit_08.jpg,
Q071,audit/audit_08.jpg,
Q072,audit/audit_09.jpg,
Q073,audit/audit_09.jpg,
Q074,audit/audit_09.jpg,
Q075,audit/audit_09.jpg,
Q076,audit/audit_09.jpg,
Q077,audit/audit_09.jpg,
Q078,audit/audit_09.jpg,
Q079,audit/audit_09.jpg,
