stratum,id_a,id_b,n_inl,sim_top,ham,stratum_size,code,same_scene,rater_note
cos_only,3013,5018,14,0.902,22,5082,Q000,1,"single rater (visual, blinded to stratum); u = cannot decide at thumbnail resolution"
ours_strong,1497,2910,199,0.95,6,9186,Q001,1,"single rater (visual, blinded to stratum); u = cannot decide at thumbnail resolution"
ours_strong,3076,4493,75,0.943,18,9186,Q002,1,"single rater (visual, blinded to stratum); u = cannot decide at thumbnail resolution"
cos_only,3261,8546,0,0.929,26,5082,Q003,1,"single rater (visual, blinded to stratum); u = cannot decide at thumbnail resolution"
phash_only,5006,7683,0,0.826,6,712,Q004,0,"single rater (visual, blinded to stratum); u = cannot decide at thumbnail resolution"
phash_only,3021,7615,0,0.828,8,712,Q005,u,"single rater (visual, blinded to stratum); u = cannot decide at thumbnail resolution"
phash_only,5676,8844,0,0.882,10,712,Q006,u,"single rater (visual, blinded to stratum); u = cannot decide at thumbnail resolution"
cos_only,7248,7808,10,0.904,30,5082,Q007,0,"single rater (visual, blinded to stratum); u = cannot decide at thumbnail resolution"
ours_strong,1546,6862,180,0.916,8,9186,Q008,1,"single rater (visual, blinded to stratum); u = cannot decide at thumbnail resolution"
cos_only,3362,6500,13,0.914,12,5082,Q009,1,"single rater (visual, blinded to stratum); u = cannot decide at thumbnail resolution"
ours_strong,2288,2400,37,0.923,16,9186,Q010,1,"single rater (visual, blinded to stratum); u = cannot decide at thumbnail resolution"
cos_only,3024,3984,10,0.9,22,5082,Q011,0,"single rater (visual, blinded to stratum); u = cannot decide at thumbnail resolution"
ours_strong,6403,7383,123,0.886,20,9186,Q012,0,"single rater (visual, blinded to stratum); u = cannot decide at thumbnail resolution"
phash_only,4766,6491,14,0.925,8,712,Q013,u,"single rater (visual, blinded to stratum); u = cannot decide at thumbnail resolution"
phash_only,4912,5844,0,0.857,8,712,Q014,0,"single rater (visual, blinded to stratum); u = cannot decide at thumbnail resolution"
ours_weak,1894,1948,19,0.851,22,5915,Q015,1,"single rater (visual, blinded to stratum); u = cannot decide at thumbnail resolution"
ours_strong,1988,2515,254,0.967,6,9186,Q016,1,"single rater (visual, blinded to stratum); u = cannot decide at thumbnail resolution"
ours_weak,4873,7924,19,0.753,34,5915,Q017,1,"single rater (visual, blinded to stratum); u = cannot decide at thumbnail resolution"
ours_strong,2559,4167,43,0.909,14,9186,Q018,1,"single rater (visual, blinded to stratum); u = cannot decide at thumbnail resolution"
ours_strong,3493,8317,106,0.958,12,9186,Q019,1,"single rater (visual, blinded to stratum); u = cannot decide at thumbnail resolution"
phash_only,5844,7931,0,0.819,10,712,Q020,0,"single rater (visual, blinded to stratum); u = cannot decide at thumbnail resolution"
ours_weak,233,2171,21,0.762,30,5915,Q021,0,"single rater (visual, blinded to stratum); u = cannot decide at thumbnail resolution"
cos_only,3608,7418,9,0.908,26,5082,Q022,0,"single rater (visual, blinded to stratum); u = cannot decide at thumbnail resolution"
phash_only,3744,8180,0,0.793,10,712,Q023,u,"single rater (visual, blinded to stratum); u = cannot decide at thumbnail resolution"
ours_weak,4960,5715,20,0.772,28,5915,Q024,u,"single rater (visual, blinded to stratum); u = cannot decide at thumbnail resolution"
cos_only,3832,7497,13,0.93,28,5082,Q025,u,"single rater (visual, blinded to stratum); u = cannot decide at thumbnail resolution"
cos_only,848,1565,7,0.919,30,5082,Q026,0,"single rater (visual, blinded to stratum); u = cannot decide at thumbnail resolution"
cos_only,261,4326,11,0.903,24,5082,Q027,0,"single rater (visual, blinded to stratum); u = cannot decide at thumbnail resolution"
ours_strong,5788,8160,102,0.874,18,9186,Q028,u,"single rater (visual, blinded to stratum); u = cannot decide at thumbnail resolution"
cos_only,8031,8978,0,0.918,22,5082,Q029,u,"single rater (visual, blinded to stratum); u = cannot decide at thumbnail resolution"
cos_only,5531,8586,0,0.936,34,5082,Q030,u,"single rater (visual, blinded to stratum); u = cannot decide at thumbnail resolution"
phash_only,5844,7061,0,0.839,10,712,Q031,0,"single rater (visual, blinded to stratum); u = cannot decide at thumbnail resolution"
phash_only,4086,7216,0,0.818,10,712,Q032,0,"single rater (visual, blinded to stratum); u = cannot decide at thumbnail resolution"
cos_only,1757,2317,9,0.904,28,5082,Q033,0,"single rater (visual, blinded to stratum); u = cannot decide at thumbnail resolution"
cos_only,4549,7808,11,0.909,18,5082,Q034,0,"single rater (visual, blinded to stratum); u = cannot decide at thumbnail resolution"
ours_strong,6175,8174,49,0.918,24,9186,Q035,u,"single rater (visual, blinded to stratum); u = cannot decide at thumbnail resolution"
cos_only,3360,8189,0,0.914,26,5082,Q036,0,"single rater (visual, blinded to stratum); u = cannot decide at thumbnail resolution"
ours_weak,4416,7126,18,0.887,28,5915,Q037,0,"single rater (visual, blinded to stratum); u = cannot decide at thumbnail resolution"
phash_only,4953,8818,0,0.893,6,712,Q038,0,"single rater (visual, blinded to stratum); u = cannot decide at thumbnail resolution"
phash_only,8146,8925,0,0.895,10,712,Q039,0,"single rater (visual, blinded to stratum); u = cannot decide at thumbnail resolution"
phash_only,3960,4502,0,0.908,10,712,Q040,0,"single rater (visual, blinded to stratum); u = cannot decide at thumbnail resolution"
phash_only,4041,7578,0,0.9,10,712,Q041,u,"single rater (visual, blinded to stratum); u = cannot decide at thumbnail resolution"
ours_strong,2946,5346,44,0.925,18,9186,Q042,1,"single rater (visual, blinded to stratum); u = cannot decide at thumbnail resolution"
ours_weak,973,5214,17,0.894,26,5915,Q043,1,"single rater (visual, blinded to stratum); u = cannot decide at thumbnail resolution"
ours_weak,1843,1901,19,0.848,24,5915,Q044,0,"single rater (visual, blinded to stratum); u = cannot decide at thumbnail resolution"
ours_weak,5133,6674,17,0.868,30,5915,Q045,0,"single rater (visual, blinded to stratum); u = cannot decide at thumbnail resolution"
cos_only,4433,5135,0,0.919,38,5082,Q046,0,"single rater (visual, blinded to stratum); u = cannot decide at thumbnail resolution"
phash_only,5053,7756,0,0.881,10,712,Q047,0,"single rater (visual, blinded to stratum); u = cannot decide at thumbnail resolution"
ours_weak,4639,7941,17,0.896,4,5915,Q048,1,"single rater (visual, blinded to stratum); u = cannot decide at thumbnail resolution"
cos_only,5682,9031,0,0.926,8,5082,Q049,1,"single rater (visual, blinded to stratum); u = cannot decide at thumbnail resolution"
phash_only,6072,7394,0,0.889,10,712,Q050,u,"single rater (visual, blinded to stratum); u = cannot decide at thumbnail resolution"
ours_weak,267,2322,24,0.821,28,5915,Q051,0,"single rater (visual, blinded to stratum); u = cannot decide at thumbnail resolution"
ours_strong,2306,2360,49,0.973,12,9186,Q052,1,"single rater (visual, blinded to stratum); u = cannot decide at thumbnail resolution"
ours_strong,29,408,35,0.868,32,9186,Q053,0,"single rater (visual, blinded to stratum); u = cannot decide at thumbnail resolution"
ours_strong,4750,5979,44,0.823,34,9186,Q054,0,"single rater (visual, blinded to stratum); u = cannot decide at thumbnail resolution"
phash_only,1040,2964,10,0.887,6,712,Q055,0,"single rater (visual, blinded to stratum); u = cannot decide at thumbnail resolution"
phash_only,3276,8146,0,0.831,10,712,Q056,0,"single rater (visual, blinded to stratum); u = cannot decide at thumbnail resolution"
phash_only,3480,8322,0,0.882,6,712,Q057,u,"single rater (visual, blinded to stratum); u = cannot decide at thumbnail resolution"
phash_only,7320,7843,0,0.812,10,712,Q058,u,"single rater (visual, blinded to stratum); u = cannot decide at thumbnail resolution"
ours_strong,1780,2069,53,0.917,28,9186,Q059,1,"single rater (visual, blinded to stratum); u = cannot decide at thumbnail resolution"
ours_weak,3838,6486,17,0.839,30,5915,Q060,1,"single rater (visual, blinded to stratum); u = cannot decide at thumbnail resolution"
cos_only,3048,9031,0,0.908,12,5082,Q061,1,"single rater (visual, blinded to stratum); u = cannot decide at thumbnail resolution"
ours_weak,211,6807,16,0.873,30,5915,Q062,0,"single rater (visual, blinded to stratum); u = cannot decide at thumbnail resolution"
ours_strong,5147,7635,125,0.93,22,9186,Q063,1,"single rater (visual, blinded to stratum); u = cannot decide at thumbnail resolution"
ours_strong,1469,2716,76,0.819,28,9186,Q064,1,"single rater (visual, blinded to stratum); u = cannot decide at thumbnail resolution"
ours_weak,1402,4326,16,0.921,26,5915,Q065,0,"single rater (visual, blinded to stratum); u = cannot decide at thumbnail resolution"
ours_weak,3903,6070,25,0.891,20,5915,Q066,1,"single rater (visual, blinded to stratum); u = cannot decide at thumbnail resolution"
ours_strong,4090,5142,42,0.855,18,9186,Q067,u,"single rater (visual, blinded to stratum); u = cannot decide at thumbnail resolution"
phash_only,4089,8719,7,0.871,8,712,Q068,u,"single rater (visual, blinded to stratum); u = cannot decide at thumbnail resolution"
ours_strong,5078,8443,47,0.888,28,9186,Q069,1,"single rater (visual, blinded to stratum); u = cannot decide at thumbnail resolution"
ours_weak,1267,1293,22,0.869,26,5915,Q070,1,"single rater (visual, blinded to stratum); u = cannot decide at thumbnail resolution"
ours_weak,5009,5502,16,0.874,34,5915,Q071,0,"single rater (visual, blinded to stratum); u = cannot decide at thumbnail resolution"
ours_weak,1561,1830,28,0.847,28,5915,Q072,1,"single rater (visual, blinded to stratum); u = cannot decide at thumbnail resolution"
cos_only,454,1938,0,0.901,24,5082,Q073,0,"single rater (visual, blinded to stratum); u = cannot decide at thumbnail resolution"
ours_weak,682,4228,19,0.918,26,5915,Q074,1,"single rater (visual, blinded to stratum); u = cannot decide at thumbnail resolution"
cos_only,4507,7271,0,0.921,28,5082,Q075,0,"single rater (visual, blinded to stratum); u = cannot decide at thumbnail resolution"
ours_weak,998,1851,19,0.758,22,5915,Q076,1,"single rater (visual, blinded to stratum); u = cannot decide at thumbnail resolution"
cos_only,3837,7358,0,0.909,20,5082,Q077,0,"single rater (visual, blinded to stratum); u = cannot decide at thumbnail resolution"
ours_weak,3338,8732,22,0.753,28,5915,Q078,1,"single rater (visual, blinded to stratum); u = cannot decide at thumbnail resolution"
ours_strong,5901,6175,83,0.954,24,9186,Q079,1,"single rater (visual, blinded to stratum); u = cannot decide at thumbnail resolution"
